{
    "loss": 0.26016250252723694,
    "accuracy": 0.9496402740478516
}