{
    "loss": 0.22510607540607452,
    "accuracy": 0.8776978254318237
}